gene,Age_Type,Gender_type,M_Type,N_Type,OStime_Type,Stage_Type,Status_Type,T_Type,Treatment_Type,TumorVSNormal_Type
ABCB1,-0.299121134,-0.299121134,0.158849737,-0.099683333,-0.339424381,0.12501796,0.637563864,0.091211579,-0.184449326,0.463486079
ACLY,0.504780175,0.504780175,0.390927391,0.791880242,0.511352192,-0.465230707,-0.658054106,-0.228181113,0.521779583,0.088755791
AFAP1,-0.082284681,-0.082284681,0.264059089,0.035247252,0.073308326,0.019998084,-0.062549764,-0.126108035,0.041477607,-0.121159893
AFAP1-AS1,0.298343966,0.298343966,-0.452096963,0.388748132,0.054138705,0.464244356,0.336898287,0.645122396,-0.030983845,-0.490436398
AGO2,0.030599383,0.030599383,0.223078451,0.025679046,0.025326597,-0.005904999,0.123710004,0.1290456,-0.064553273,0.095514296
AGO4,0.038488982,0.038488982,-0.030402117,0.046336933,0.031301711,-0.119322703,-0.072497333,-0.093312021,0.092724128,-0.05596129
AKR7L,0.20649026,0.20649026,-0.29906702,-0.043328453,-0.152236041,0.087872674,0.261391823,0.226538592,-0.069200392,0.484530256
AL139002.1,-0.149093007,-0.149093007,2.881842706,-2.550120533,-0.344090431,-1.354681571,-0.984566289,-0.508377219,-0.301285513,1.041781212
ANGPT2,0.044960277,0.044960277,0.135916627,-0.289894836,-0.088328259,-0.267986686,0.12654189,-0.114420854,0.219193598,0.059715324
APC,0.053468651,0.053468651,-0.068739413,0.050551904,0.038538238,-0.135413848,-0.043980179,-0.057634802,0.045539314,0.011646507
ARL2,-0.146595362,-0.146595362,-0.067735526,-0.060067748,-0.045071733,0.177708997,-0.046868269,0.029389917,-0.04070514,-0.03671654
ATG12,0.127127501,0.127127501,-0.168036655,0.147719059,0.017330998,-0.022755366,0.010755251,0.008189025,0.002509545,0.011355357
ATG14,0.029284255,0.029284255,0.102659073,0.032314943,0.062702569,-0.044602034,0.011659785,-0.051685794,0.026255808,-0.05428041
ATG5,0.151070278,0.151070278,-0.027442404,-0.078301923,0.151729653,-0.175169049,0.062834749,-0.026715555,-0.098576785,-0.625100496
ATG9A,-0.011500324,-0.011500324,-0.016585254,0.127442995,-0.099955993,0.144714428,0.150997712,0.297279698,-0.040115817,-0.053781588
ATG9B,0.071060354,0.071060354,0.343797834,0.174156509,0.021844759,0.121673919,0.280970003,0.077854642,0.171151226,0.424861989
BANCR,0.10813137,0.10813137,3.924250715,1.413002872,0.440658034,-0.503949906,-0.858736238,-2.898987245,-1.167988258,2.587900962
BCAT1,-0.563690249,-0.563690249,0.953318312,-0.325895076,0.41321042,0.126995414,0.236848211,-0.827312327,-0.25745179,0.173366215
BCL2,-0.120592223,-0.120592223,-0.036085549,-0.079125415,0.177681203,-0.16276634,-0.072589255,-0.182924201,0.160975362,-0.182510655
BCL9,-0.058008044,-0.058008044,0.15884062,0.021794267,0.012914818,0.033082684,0.098152187,0.070255164,0.016224687,0.054058594
BLACAT1,0.030966836,0.030966836,0.1116561,0.444732773,-0.216753191,-0.081308355,0.361601067,-0.02138181,-0.037798907,0.259677923
BRCC3,0.157119066,0.157119066,-0.229585782,0.01846235,-0.054300754,0.050335704,0.205053797,0.068401172,-0.125431693,-0.1276567
BRMS1,0.017868116,0.017868116,-0.255206495,-0.033929753,-0.087572033,0.118066907,0.091935515,0.05409488,-0.055343923,-0.030756137
BTG3,0.150252173,0.150252173,0.146180598,0.03777389,-0.119989386,0.111556445,0.097603682,0.096104668,-0.222287548,0.012656153
CA3-AS1,0.061908198,0.061908198,-0.222112316,0.163522181,-0.184585024,0.220570054,0.430104675,0.325983802,-0.082239958,0.361816713
CASC9,0.400258624,0.400258624,-0.259322169,0.145138193,0.077354181,-0.067008657,0.234241372,0.000650982,0.269188573,0.411938901
CBFB,0.198151117,0.198151117,0.034620819,0.02884884,0.023394169,-0.017975694,0.031659929,-0.108287291,-0.047985045,-0.070399278
CBX4,-0.003238347,-0.003238347,0.073302931,-0.049617764,0.033801505,0.07763787,0.001645836,-0.07091811,-0.031244892,-0.079636085
CCDC18-AS1,0.062957892,0.062957892,-0.111161829,-0.045144681,0.046487604,-0.130796927,0.159324854,-0.196984939,0.032617857,-0.220070346
CCND2,0.216311675,0.216311675,-0.112937721,0.035851522,0.120905431,0.120206515,0.174468362,0.028323078,-0.024901921,0.025124177
CCNG1,0.043100886,0.043100886,-0.223858049,0.139243942,-0.023975205,0.090131381,0.118271498,0.123194086,0.03563507,0.037779144
CD151,-0.058240574,-0.058240574,0.048418151,0.033276965,-0.011307266,0.038705788,-0.051169264,0.008245367,-0.009282257,0.202456433
CDC25A,0.020360735,0.020360735,0.067323753,-0.177062094,0.02695448,0.115504067,0.244232216,0.092742777,-0.076774451,0.041227943
CDC5L,0.17684907,0.17684907,-0.14856651,0.058744869,0.047363119,0.07804271,0.033798236,0.221280262,-0.02072355,0.130308195
CDH2,-0.740476051,-0.740476051,0.751693969,0.044472246,0.503417383,0.80506268,-1.015544929,0.020652584,0.546636435,0.583407385
CDK14,-0.080073162,-0.080073162,0.559801387,0.168717714,-0.31100261,-0.567215809,-0.121034261,-0.678594991,0.140707369,0.121229308
CDK4,0.017667952,0.017667952,-0.030379893,0.120055151,-0.013026773,0.066557162,0.070662713,0.202586391,-0.018881997,-0.165712117
CDK8,-0.007148404,-0.007148404,0.041352018,0.003777213,0.022109462,0.020624651,0.088171051,0.054477035,-0.028874704,0.024365809
CHD7,0.074912579,0.074912579,0.166253844,-0.003475193,0.11320909,-0.017747159,0.143576499,0.041234818,0.000813668,0.071347268
CITED2,-0.195440832,-0.195440832,0.086231042,-0.096922062,0.087591312,-0.06668102,-0.18449239,0.052494906,0.119586493,-0.19337225
CLDN4,0.249186607,0.249186607,0.135424238,-0.084286949,-0.138018059,0.174096296,0.066901334,0.127430696,-0.030321916,-0.176112917
COL1A2,-0.116081769,-0.116081769,0.281785957,0.030455923,-0.127776839,-0.018638216,-0.269333257,-0.338681516,-0.019022969,-0.321610867
COL3A1,-0.2358428,-0.2358428,0.249742739,-0.000184013,-0.147762358,-0.133937891,-0.421273719,-0.454917922,-0.002651994,-0.260809336
COL5A2,0.039555715,0.039555715,0.328983882,0.068218822,-0.12621178,-0.040111348,-0.197066324,-0.277287281,-0.029105859,-0.290615798
CREB1,0.024630442,0.024630442,-0.041118145,0.051292575,0.016014576,-0.042428142,0.025827593,0.044958156,0.015479519,-0.055235827
CRKL,-0.048667767,-0.048667767,0.047559483,0.039485161,-0.034012351,-0.030410894,0.126234348,0.082234771,-0.021884389,-0.011348002
CRNDE,0.084595918,0.084595918,0.168846955,0.19535633,-0.004767654,0.015573399,-0.004426818,0.175189641,0.002651606,0.081766946
CTNNB1,0.158908111,0.158908111,0.027298642,0.054626034,-0.027147289,0.120224592,0.233865195,0.157239062,-0.181473047,0.09905535
CUL2,0.098467334,0.098467334,-0.2131518,0.060639812,-0.030937575,0.026583756,0.038975,0.008903712,-0.010403544,0.101045373
CXCL5,0.124883273,0.124883273,-0.607976051,0.559582069,0.182770878,0.309366185,0.040713312,0.719331457,0.392263574,0.360959857
CXCL9,0.313905705,0.313905705,-0.382772135,0.192801731,0.096250141,-0.363212488,0.211566527,-0.742447978,0.057053304,-0.282667198
CXCR4,-0.347907065,-0.347907065,0.017030333,-0.152506784,0.238562692,-0.128320077,-0.40886048,-0.218210853,0.09309978,-0.367850194
CYP1B1,-0.48994717,-0.48994717,-0.123985768,0.099021379,0.022883782,-0.138006947,-0.801915082,-0.575297319,0.374977823,-0.305040203
CYTOR,0.022013112,0.022013112,-0.1571786,-0.025889146,-0.004819839,-0.030297867,-0.013663823,-0.177469868,-0.029331401,-0.242173201
DDX5,0.0357374,0.0357374,-0.151221251,0.057586422,0.044585213,-0.047237888,0.053518156,0.08125224,-0.054814975,0.088691604
DLEU1,0.254360175,0.254360175,0.066503958,0.070079766,0.065253918,-0.021824471,0.109953767,-0.116880312,0.001972596,0.02805231
DLEU2,0.120239592,0.120239592,0.195242102,-0.019507405,-0.004761012,0.040002424,0.230044545,-0.011697524,0.00289327,-0.034837092
DNAJB12,0.010871408,0.010871408,-0.248435912,0.18879325,0.002974025,0.031732461,0.099067264,0.114282192,-0.056775614,0.094483141
DNMT1,0.081999869,0.081999869,0.019880037,-0.093315722,-0.018030835,0.047185789,0.202857242,-0.059304541,-0.21316951,-0.098242337
DRAIC,-0.120461207,-0.120461207,0.051525512,-0.464160338,0.145294594,-0.264866011,-0.092152342,-0.024447942,-0.383783991,0.045445216
DRAM2,0.089109976,0.089109976,-0.18726729,0.095425857,-0.061082712,0.064813541,0.083152373,0.133341368,-0.01462781,-0.091254472
DRD5,-0.517982733,-0.517982733,-0.203396081,-0.128616747,0.342911785,0.351929891,-0.252596427,-0.266694668,0.479368247,-0.134193649
DUSP2,-0.031755455,-0.031755455,0.094412904,-0.359185399,0.122066138,-7.04E-05,-0.039632866,-0.051285064,-0.381795932,-0.221745582
E2F1,0.104066836,0.104066836,-0.051681139,-0.054966474,-0.030886301,0.209435066,0.163088218,0.269560131,-0.139568923,-0.194232477
E2F2,0.087081922,0.087081922,-0.097372017,-0.132100758,0.089708648,0.171384061,0.365716826,0.162852014,-0.114556855,-0.023450258
E2F3,0.088542775,0.088542775,-0.041852908,0.05772146,0.035566041,-0.036364263,0.050932869,0.064011811,0.04655771,0.131415266
EGFR,0.081935243,0.081935243,0.596492384,-0.421817885,0.253572669,-0.365658902,-0.75061785,-0.55638067,0.043523004,-0.837563116
ETS2,0.145372669,0.145372669,-0.518789539,0.056805842,0.043061354,0.180920794,0.155423058,0.284059041,-0.140353103,0.059627663
EZH2,0.182888659,0.182888659,0.063883498,-0.064701499,-0.027151679,0.025832029,0.173151702,0.085207793,-0.060081834,0.056553916
FBN1,-0.138585983,-0.138585983,-0.013154783,-0.075129042,0.024209894,-0.196277182,-0.454801198,-0.416625714,0.130852656,-0.160048459
FBXL19-AS1,-0.075269927,-0.075269927,0.278815144,0.155171379,0.200278105,0.02419478,0.164321209,0.04068711,0.083216963,0.114484157
FBXW7,-0.023503827,-0.023503827,0.04143446,-0.004839108,0.035562778,-0.151520417,0.112788279,-0.101218244,0.026326547,-0.010759005
FENDRR,-0.637870038,-0.637870038,0.382207007,-0.161791297,0.119502798,-0.184867456,-0.310436198,-0.249455388,0.089550037,-0.048910726
FER1L4,0.030461696,0.030461696,-0.595191235,0.14167494,0.161010859,-0.331481721,0.142881591,-0.27012121,0.226501039,0.410730012
FGD5-AS1,-0.041499641,-0.041499641,0.083525634,0.134211818,0.034765682,-0.034276024,0.003895986,0.047871638,-0.050706696,0.032970725
FGF2,-0.608842753,-0.608842753,0.570285911,0.157117861,0.142101335,-0.167186817,-0.418747803,-0.223456296,0.08417094,-0.02504676
FGF7,-0.42606299,-0.42606299,0.048770642,0.024780641,0.139745872,-0.215384859,-0.576030082,-0.415921912,0.114415223,-0.158894976
FGFR2,-0.311140918,-0.311140918,0.906870003,-0.574286506,-0.412318948,-0.583270629,-0.520248359,-0.519849441,0.18711295,-0.147092232
FOXC1,0.115409042,0.115409042,-0.212232612,0.173777968,0.266162824,0.501072325,0.348226923,0.532429759,-0.318934433,-0.175439913
FOXC2,-0.179034947,-0.179034947,0.528001303,0.124723497,0.244574091,-0.044249373,-0.439368285,-0.025598121,0.387396717,-0.500724464
FOXO1,0.126025647,0.126025647,0.213161634,-0.019566419,0.127133313,-0.095976857,0.0371692,-0.144593326,0.051682922,-0.096935807
FOXP1,-0.18469843,-0.18469843,0.237919948,-0.014038313,0.12114667,0.039889959,0.050884481,-0.131040216,0.068245784,0.00470741
FOXP4,0.094181418,0.094181418,-0.12896442,0.048098589,0.096878409,0.072658454,0.047476003,0.230167166,0.089238488,0.293408452
G6PD,0.043241773,0.043241773,-0.435510523,0.093965223,-0.165310408,0.113846323,0.04279708,0.164229592,-0.008841457,-0.044515047
GAS5,0.168388069,0.168388069,0.03919395,0.098279528,-0.039158274,-0.161591122,0.105354613,0.005416281,0.134863745,0.273821962
GDF5,-0.49627334,-0.49627334,0.564282162,0.094087053,0.480855868,0.29132267,-0.336894941,-0.132677045,0.461540429,-0.335874944
GLI2,-0.419105518,-0.419105518,0.360303385,-0.068675072,0.067063837,-0.154565429,-0.315340746,-0.320927236,0.104171774,-0.334189908
GNG7,-0.621895537,-0.621895537,0.186556604,-0.060721054,0.220949475,-0.132878305,0.037860751,-0.016026872,0.233605303,0.331469597
H19,-0.019793093,-0.019793093,0.32312697,-0.439812617,0.123817907,-0.23982201,-0.079000625,-0.290312706,-0.08659909,-0.056911569
HAGLROS,0.216171179,0.216171179,0.102555754,0.406797514,0.174646752,0.108713723,-0.164647024,0.19331672,0.105835647,-0.737226021
HCG11,-0.092093505,-0.092093505,0.255532424,-0.032469299,0.050849066,-0.15187378,-0.128299326,-0.185013394,-0.065136874,-0.056386018
HCG18,0.111820508,0.111820508,-0.065683575,0.038705083,0.003300459,-0.044717319,0.002460023,-0.014002874,-0.022982041,-0.119432184
HCP5,0.176959613,0.176959613,-0.485041851,0.089059046,-0.038897419,0.044770299,0.133442213,0.217367004,-0.202908553,-0.160117067
HDAC4,-0.234022299,-0.234022299,0.275126367,-0.070308726,0.183943755,-0.062083207,-0.008382252,0.048236147,-0.002796618,-0.251854406
HIF1A,0.111203442,0.111203442,-0.228255669,0.02651085,-0.080253225,-0.073400982,-0.074376912,0.04605913,-0.169143432,-0.007967407
HK2,0.172299384,0.172299384,0.169822463,0.145583152,-0.048701812,-0.164717762,0.060092682,0.051629525,-0.300318094,-0.013274679
HLA-G,0.223757218,0.223757218,0.464264756,0.365612613,0.472788914,-0.197057671,-0.778204499,0.027260954,-0.369157799,-0.761322949
HMGA1,0.151350735,0.151350735,-0.121834775,-0.006855346,-0.119243894,0.237993813,0.02302227,0.273241742,-0.080461684,0.001048188
HMGA2,-0.077480732,-0.077480732,-0.146572852,0.396593574,0.002932312,-0.337758101,-0.05731874,-0.022755318,0.14490051,-0.159321234
HMGB2,0.130193389,0.130193389,-0.0033723,-0.047593897,0.074194223,0.002305453,0.159084272,-0.08653694,-0.043172883,-0.148161125
HNF1A-AS1,0.029782367,0.029782367,-0.148183881,0.125353884,0.105424249,0.109339657,0.085206443,-0.096015094,0.028649799,0.293869835
HOTAIR,0.514219729,0.514219729,-0.484503328,-0.020474695,-0.176476439,-0.03432595,0.428538964,-0.149956257,-0.227929587,-0.320640804
HOXA-AS3,-0.093288126,-0.093288126,0.180565233,0.189265203,0.061179855,0.070868067,0.143242371,-0.156157267,-0.092092224,0.093046795
HOXA11-AS,0.592338744,0.592338744,0.376759453,0.130062677,0.057377203,0.194553825,0.080621438,0.408305954,-0.318535855,-0.331947945
hsa-let-7c,-0.634398499,-0.634398499,0.250013122,-0.154685153,0.239504805,-0.201277164,-0.201688936,-0.309458139,0.188850368,0.384145463
hsa-mir-100,-0.500680917,-0.500680917,0.213146483,-0.250798561,0.019994122,-0.123152677,-0.390958633,-0.352928794,0.215878933,0.420703646
hsa-mir-106a,0.231002945,0.231002945,0.756619706,0.020516583,0.013091997,0.087276917,0.228125044,0.336321088,-0.216537058,0.314182445
hsa-mir-106b,0.154191628,0.154191628,-0.441187616,0.109936693,-0.079891568,0.13986048,-0.083198655,0.240342507,0.058500533,-0.325099135
hsa-mir-1179,-0.629768075,-0.629768075,0.627711041,-0.23409986,-0.860467417,-0.25616973,-0.663323634,1.144998614,-0.8930417,-0.315417659
hsa-mir-1193,0.116379246,0.116379246,-0.041737889,0.071375375,-0.089422718,0.192473126,0.220881655,0.076034461,-0.006407117,0.087531633
hsa-mir-1197,-0.590096493,-0.590096493,0.203234199,-0.752009447,-0.283907052,-0.114500463,-0.801399309,-0.146667043,0.56390251,0.259533234
hsa-mir-1207,0,0,0,0,0,0,0,0,0,0
hsa-mir-122,-3.066539485,-3.066539485,3.73122713,0.857372377,0.997792527,0.569276403,-3.278936342,1.378272966,2.160349333,3.825955668
hsa-mir-1224,1.599285193,1.599285193,2.831812286,2.18056018,-1.540445011,2.300220163,-1.641641382,2.881766576,-2.275500429,-3.418645477
hsa-mir-125a,-0.137151736,-0.137151736,0.398702951,0.033353842,0.010058147,0.036695407,-0.10690034,-0.061121197,0.187801887,0.483500655
hsa-mir-126,0.051391966,0.051391966,-0.156236256,-0.128029048,-0.089938504,0.201538074,-0.160840067,0.28177531,-0.11433821,0.298029073
hsa-mir-1269a,1.254343306,1.254343306,2.856576436,1.620257465,-0.482425877,1.719515217,1.365928574,1.365899271,-0.469506547,-0.180521492
hsa-mir-1276,-0.123018382,-0.123018382,0.836686384,0.534451543,-0.191653123,0.222206919,0.065340438,0.714029981,-0.342750126,0.698281084
hsa-mir-1297,0,0,0,0,0,0,0,0,0,0
hsa-mir-1301,-0.160698652,-0.160698652,0.042476643,0.012170577,-0.159766384,0.24115525,0.130997133,0.208659557,-0.173751496,0.256894513
hsa-mir-139,-0.133625258,-0.133625258,0.344641729,-0.188979673,0.129169001,0.125644096,-0.118941111,-0.199054016,0.16774129,0.401308767
hsa-mir-140,-0.21532976,-0.21532976,0.038034321,-0.068144936,0.030760402,-0.108840604,-0.082432877,-0.232749789,0.085231752,0.308343128
hsa-mir-141,0.135920158,0.135920158,-0.24011124,0.354422414,-0.058437039,0.1650306,0.286062134,0.354107458,0.115011167,0.394404788
hsa-mir-142,-0.154785177,-0.154785177,-0.035826158,-0.334427312,0.218485073,-0.150439937,-0.024955523,-0.143483016,-0.020271389,0.203344874
hsa-mir-143,-0.446299375,-0.446299375,0.553983979,-0.350750207,0.126214227,0.152709906,-0.196499705,-0.264892836,0.388748335,0.285911667
hsa-mir-144,-0.087420391,-0.087420391,-0.005794653,0.031968041,0.039264356,-0.032928873,-0.167007916,0.413848485,-0.103806977,0.557330683
hsa-mir-145,-0.093710961,-0.093710961,0.734746212,-0.201134446,0.193804742,0.305460412,-0.007592312,-0.439925462,0.32966167,0.74850479
hsa-mir-148a,-0.016193582,-0.016193582,-0.857665545,0.204631105,-0.093345388,0.19571747,0.19498959,0.483576612,-0.219969747,0.634287838
hsa-mir-148b,-0.004278234,-0.004278234,-0.372282332,0.162002389,-0.125302754,0.091971743,0.010325307,0.221711383,-0.143901685,0.17326259
hsa-mir-149,0.008441173,0.008441173,0.83546728,-0.190214712,-0.234571758,0.414383498,0.101971926,0.124071736,-0.352295104,0.995446976
hsa-mir-152,-0.301866911,-0.301866911,-0.002045921,-0.118143841,0.013101402,0.058193472,-0.168615609,-0.123842604,0.05699462,0.194649285
hsa-mir-15a,0.107915934,0.107915934,0.002869534,0.031542814,0.060166624,-0.118888004,0.066522907,-0.042746134,-0.052571072,0.255251571
hsa-mir-184,0.055678562,0.055678562,-1.145452738,-0.083171029,0.044820322,1.512352046,0.072345573,-0.856856175,0.549949204,2.278709356
hsa-mir-185,0.024257345,0.024257345,-0.097662169,0.021630303,-0.028736258,-0.086407888,-0.028932104,-0.061289136,-0.038816608,0.092644349
hsa-mir-186,0.078033475,0.078033475,-0.08733474,0.086765839,-0.071622199,0.075501399,-0.055844149,0.170809748,-0.070193013,0.231172533
hsa-mir-18a,-0.122793193,-0.122793193,0.095353277,-0.231260452,0.13876461,-0.156819016,0.180691098,-0.176618968,-0.043743387,0.512927226
hsa-mir-193a,-0.149666152,-0.149666152,0.214204251,-0.023608831,-0.05495019,0.029581587,-0.083370181,-0.120856607,0.007985206,0.131502258
hsa-mir-193b,-0.181743286,-0.181743286,-0.299610965,-0.164505909,0.093229683,0.069006465,-0.153186412,0.042158954,-0.099037524,0.435072403
hsa-mir-195,-0.473068148,-0.473068148,0.036837388,-0.126318869,0.095592847,-0.030382272,-0.039786164,-0.159656084,0.229814678,0.619367588
hsa-mir-197,0.012343033,0.012343033,-0.091981256,-0.075026986,-0.052134216,0.123921308,-0.05482079,0.146594119,-0.041554949,0.15087195
hsa-mir-199b,-0.25797018,-0.25797018,0.333838117,-0.138543364,0.023957297,-0.105679261,-0.101696888,-0.259750754,-0.01085218,0.232032734
hsa-mir-200a,0.327978185,0.327978185,-0.362555429,0.355267194,0.068695692,0.261692359,0.113272601,0.513526437,-0.138383243,0.462950938
hsa-mir-200b,0.332827385,0.332827385,-0.16603356,0.321176414,0.121300048,0.202486056,0.2048782,0.356293171,0.010777709,0.386631445
hsa-mir-200c,0.192570031,0.192570031,-0.086926983,0.352496869,-0.015893588,0.125430246,0.229073391,0.199556675,0.115990496,0.30013605
hsa-mir-202,-0.097841622,-0.097841622,0.041311349,-0.432405276,-0.188974367,-0.153808897,0.483467401,0.019992713,0.310261609,0.204816994
hsa-mir-204,-0.48017802,-0.48017802,-0.906173841,0.661557276,-0.103713758,-0.3120553,0.400750424,0.177682528,-0.359238673,0.999369512
hsa-mir-205,-1.797965856,-1.797965856,-0.652101116,-0.641579733,0.187217878,0.863211393,-0.209581439,1.194875395,-0.409197626,0.570979559
hsa-mir-206,0.479419447,0.479419447,-1.927052064,0.281117375,-0.638012352,0.024847444,0.485256898,0.849948928,0.800524594,0.56376411
hsa-mir-20a,0.271023161,0.271023161,0.044836109,0.155727607,0.069607212,-0.269729686,0.20568192,-0.353674963,0.080261661,0.504613271
hsa-mir-21,-0.029588574,-0.029588574,0.130101823,0.041720259,0.030231727,-0.090624466,-0.10306152,-0.233839061,0.022016077,0.004857444
hsa-mir-212,-0.325610381,-0.325610381,0.146607123,-0.274784887,-0.296865804,0.040748861,0.074405782,-0.254054103,-0.183534847,0.096257571
hsa-mir-214,-0.315100995,-0.315100995,0.394642762,-0.085101361,0.012326024,-0.093748572,-0.062201321,-0.261969997,-0.014847275,0.298030241
hsa-mir-22,-0.115957839,-0.115957839,-0.110691161,0.094646152,-0.016161616,-0.078244076,-0.17350981,-0.181947446,-0.018500519,0.223197132
hsa-mir-224,0.544450656,0.544450656,0.636906557,0.256805111,0.214133432,0.472783519,0.323521344,0.341616035,0.071212871,0.033226643
hsa-mir-23a,-0.036632517,-0.036632517,0.289053671,-0.048974688,0.013990816,0.073408001,0.051503537,0.108452908,-0.051209138,0.142249209
hsa-mir-23b,-0.121305087,-0.121305087,0.337597604,-0.064725177,0.069439481,0.120123232,-0.111650236,0.03152482,0.081652821,0.259928541
hsa-mir-27a,-0.067605833,-0.067605833,0.22598042,-0.150146695,0.080725232,0.039703511,0.135167427,0.128409635,-0.102844842,0.275536459
hsa-mir-27b,-0.14465428,-0.14465428,0.319059028,-0.152455757,0.0838076,0.071475749,-0.056199091,0.080247745,0.050662129,0.324180512
hsa-mir-299,-0.248027115,-0.248027115,0.225331403,-0.083914499,-0.212097152,0.010045097,-0.137677655,0.014488912,-0.027687084,0.248417276
hsa-mir-29a,-0.11163492,-0.11163492,0.036574501,-0.240776259,-0.002529548,-0.10442713,0.211074009,-0.036823236,-0.004168454,0.25937855
hsa-mir-30a,-0.280124853,-0.280124853,0.318660635,-0.011812297,-0.037463434,0.08568188,-0.053084207,0.073582313,0.158113424,0.648985006
hsa-mir-30e,-0.061768281,-0.061768281,-0.162038336,-0.024090009,0.02781374,0.163656077,0.038602749,0.234658339,0.06422277,0.474624055
hsa-mir-32,-0.083115681,-0.083115681,-0.138350298,-0.065204764,-0.103387155,-0.096237814,0.044138951,0.171100362,-0.040014691,0.318995003
hsa-mir-3200,0.004966721,0.004966721,1.018166338,-0.036981505,-0.509472572,0.371468246,0.086101855,0.457356848,-0.449277685,0.05146074
hsa-mir-324,0.048833426,0.048833426,0.123228329,-0.017301859,-0.0155416,0.127606172,0.000752833,0.205503996,-0.178362594,0.23832486
hsa-mir-326,-0.173676961,-0.173676961,-0.347864579,-0.062700285,-0.086347392,0.488712181,0.017718028,0.64186823,-0.102078887,0.343107792
hsa-mir-331,-0.06026825,-0.06026825,-0.023356542,-0.150107508,0.030744668,0.075267489,0.067033972,0.13857456,-0.108635043,0.040160012
hsa-mir-335,0.07832624,0.07832624,0.121995309,0.081565937,-0.009853627,0.015953186,-0.117242392,0.144811607,0.016044803,0.197784823
hsa-mir-337,-0.326753354,-0.326753354,-0.05013644,-0.161905852,-0.063769941,-0.018817185,-0.197714068,-0.061474163,-0.002308553,0.301379485
hsa-mir-34a,0.025067361,0.025067361,0.393757484,0.032065834,-0.036236842,0.173841682,0.018408722,0.296344041,-0.054771308,0.31930331
hsa-mir-34c,-0.326598641,-0.326598641,0.59648383,-0.055939337,-0.034254409,-0.052740608,-0.153888974,-0.259433737,0.188115516,0.329618408
hsa-mir-361,-0.02825564,-0.02825564,-0.062345994,0.07506786,0.065075257,-0.03456979,0.009533089,-0.07549749,-0.022902683,0.139812313
hsa-mir-3619,0.083039004,0.083039004,0.494752016,0.208718751,-0.133101242,0.637862872,0.379612589,0.460808575,-0.445275175,-0.371338513
hsa-mir-363,-0.497336522,-0.497336522,0.361669984,-0.22230059,0.18527353,0.137383145,-0.142917301,0.200418846,-0.106378516,0.023855783
hsa-mir-367,2.893574016,2.893574016,1.93978549,-2.789236377,3.005446705,3.395798108,-3.221393216,-2.601359671,2.981258359,1.409416589
hsa-mir-370,-0.26413768,-0.26413768,0.127170545,-0.171447293,-0.181478303,-0.038895843,-0.322543129,-0.24196305,0.091393028,0.13697196
hsa-mir-375,-0.179558497,-0.179558497,-0.355712371,0.390828528,-0.447643056,0.394912518,0.188385681,1.078513674,-0.302042036,0.081928813
hsa-mir-379,-0.33538274,-0.33538274,0.06614953,-0.170590292,-0.133946808,0.014850864,-0.241483571,-0.036941872,0.057313709,0.274267137
hsa-mir-381,-0.269164745,-0.269164745,0.171145143,-0.125551961,-0.095264663,-0.112873874,-0.188198445,-0.235606662,0.113599923,0.410678135
hsa-mir-3934,0.301341389,0.301341389,-0.478236199,0.200977405,-0.076646854,0.079156306,-0.020965409,0.060008959,-0.075462791,0.298168623
hsa-mir-3972,0,0,0,0,0,0,0,0,0,0
hsa-mir-421,-0.004153842,-0.004153842,0.007389411,-0.081511142,0.008938017,-0.108440862,0.048392336,0.00360471,-0.019830524,0.072224501
hsa-mir-422a,-0.10460737,-0.10460737,0.131596434,-0.043761731,0.116985407,0.262351838,-0.047244896,-0.010884203,-0.105589546,0.173113906
hsa-mir-424,-0.067881444,-0.067881444,-0.223734625,-0.013613082,-0.170224023,0.264307524,0.015301636,0.293927046,-0.205434997,0.266313716
hsa-mir-425,-0.062396983,-0.062396983,-0.44898592,-0.154054921,-0.011454805,0.074614766,0.088988511,0.292314086,-0.153647381,-0.132380705
hsa-mir-429,0.445951662,0.445951662,-0.128397492,0.141482496,0.105220108,0.201830652,-0.005185648,0.49355252,-0.163921518,0.645607867
hsa-mir-431,-0.377938119,-0.377938119,0.346921984,-0.257373235,-0.291068118,-0.108981724,-0.442968489,-0.193162662,0.14747951,0.209904777
hsa-mir-4319,0,0,0,0,0,0,0,0,0,0
hsa-mir-449a,-2.640774614,-2.640774614,1.705872461,-2.145045732,2.511691004,-2.421977858,2.093238116,0.479963656,-2.632281811,2.193627058
hsa-mir-450a-2,-0.088275942,-0.088275942,-0.126222236,-0.086577067,-0.086866381,0.140440452,-0.149851062,0.099987363,-0.168367359,0.368774518
hsa-mir-4698,0.11442861,0.11442861,0.121127764,0.086455204,0.111457471,0.141445402,-0.038457636,0.004383832,0.104243908,0.106964813
hsa-mir-4700,0.432478664,0.432478664,0.065040361,0.385827071,-0.345600844,-0.008796386,0.089517264,-0.065238156,-0.46620017,-0.204592899
hsa-mir-4766,-0.090986511,-0.090986511,-0.003949149,-0.012556125,0.068739627,0.164546503,0.048743781,0.649594027,-0.221792312,0.084339073
hsa-mir-4793,0.041918464,0.041918464,-0.319061437,0.156472073,-0.315714661,0.538975538,0.62147019,0.661644357,-0.396057212,0.020906244
hsa-mir-483,-0.168984876,-0.168984876,-0.726798409,-0.389657184,-0.231743189,-0.646808262,0.090464792,-0.972769955,-0.222917288,0.151534051
hsa-mir-485,-0.234301573,-0.234301573,0.103280961,-0.008340387,-0.231292202,-0.159430568,-0.175603258,-0.335125288,0.111846911,0.170090034
hsa-mir-490,-0.52732956,-0.52732956,0.596672225,-0.007999156,0.249268671,0.024490607,-0.544486368,-0.865603385,0.552406874,0.763125822
hsa-mir-493,-0.241940908,-0.241940908,-0.070593571,-0.091490855,-0.168767346,-0.110195781,-0.232057241,-0.175803927,0.002437386,0.089501771
hsa-mir-497,-0.271206079,-0.271206079,0.192932197,-0.160902112,-0.014820225,-0.07640142,-0.048658295,-0.089530408,0.104860447,0.5755129
hsa-mir-500a,0.038849951,0.038849951,-0.100289489,0.029290623,-0.001042955,0.155316269,0.079385448,0.122795095,-0.046924091,0.124473603
hsa-mir-506,0.650065074,0.650065074,-0.601255804,-1.444587143,1.036878983,0.562862689,1.054360594,1.081216093,0.66168807,0.697435628
hsa-mir-519d,-2.910684197,-2.910684197,4.591450708,-0.056816971,-1.744287144,-0.431633632,-1.579067974,0.110607565,2.658906292,4.26001974
hsa-mir-519e,-3.473382816,-3.473382816,3.172996046,1.878540883,-2.198487156,1.601444905,0.41506351,2.097682042,3.27407262,2.962016664
hsa-mir-527,-4.561108717,-4.561108717,5.618782824,-0.193011016,-1.827854961,-0.219608923,-1.739865819,0.005200098,3.894116214,5.288130464
hsa-mir-532,0.044646077,0.044646077,0.088724605,0.094572914,0.080146517,0.052953143,0.003533862,0.023153773,-0.024746919,-0.014914621
hsa-mir-551b,0.227410989,0.227410989,0.108844458,-0.255646189,-0.017976266,-0.099574155,-0.273742604,0.163921317,-0.489030358,1.051677889
hsa-mir-574,-0.060545828,-0.060545828,-0.084253937,0.043074962,-0.003333191,0.195857489,-0.032604887,0.157409286,-0.003988527,0.201552368
hsa-mir-577,0.046921652,0.046921652,0.1672331,0.217208267,0.016110782,0.042663282,-0.152541438,0.50082104,0.09868678,0.149649451
hsa-mir-590,0.061999284,0.061999284,0.011143224,-0.141189333,-0.011346661,0.029818247,-0.028316245,0.172833585,-0.011029145,0.412221354
hsa-mir-596,0.014632024,0.014632024,0.100870183,-0.03900318,0.225096199,0.134448642,-0.050907012,0.139342562,-0.006982701,0.187923975
hsa-mir-612,-0.509686148,-0.509686148,-1.092231121,0.013134756,0.338670576,0.028768585,0.250671471,-0.196468192,-0.285142096,-0.33061836
hsa-mir-616,0.232248093,0.232248093,-0.061134395,0.094805175,0.082608182,0.330922458,-0.205561053,0.597773614,-0.140982496,-0.191069563
hsa-mir-661,-0.108028433,-0.108028433,0.132417036,0.108570934,-0.00803925,0.018881298,0.194556521,0.13783987,-0.011726086,0.117194392
hsa-mir-675,0.537623346,0.537623346,-0.267378333,0.503864845,-0.125970036,0.630254287,0.56857103,0.530499351,-0.328541472,-0.336150966
hsa-mir-770,-0.502945909,-0.502945909,1.524278146,0.158720836,-0.075847663,-0.177967802,-0.114571395,-0.257614956,0.415352609,0.412964493
hsa-mir-876,0.12908727,0.12908727,-0.587194942,0.063484572,-0.282881278,-0.112660268,-0.162643662,0.342205574,-0.28030194,-0.592447847
hsa-mir-885,-0.148997678,-0.148997678,0.864013288,0.209562172,-0.076142191,0.381583007,-0.637491636,0.389844578,-0.395937388,-0.475336407
hsa-mir-93,0.31600826,0.31600826,-0.390031224,0.247080191,-0.094538654,-0.051294168,-0.102861589,-0.033444331,0.11445073,-0.360891128
hsa-mir-940,-0.319645693,-0.319645693,0.016382452,-0.273812905,0.033291354,0.146919349,0.100205954,0.432239569,-0.150243724,0.128350263
hsa-mir-942,0.057601339,0.057601339,-0.121371415,-0.069980926,-0.051509694,0.240361828,0.042687096,0.310388829,-0.113734007,0.110078714
hsa-mir-99a,-0.675685119,-0.675685119,0.364225399,-0.176074129,0.189916291,-0.241070882,-0.224017879,-0.288984527,0.237185086,0.580928323
IGF1R,-0.939873117,-0.939873117,0.738060945,-0.721438126,1.166566637,-1.132595424,0.669910047,-0.64614952,-1.13018688,-2.637887547
IGF2-AS,-0.633802141,-0.633802141,1.504939693,-0.761397808,-0.216854851,-0.138967907,-0.111804004,-1.274855735,-0.81241904,1.977289653
ISM1,-0.41080371,-0.41080371,0.707055185,-0.070029921,0.11794395,-0.054027782,-0.544612222,-0.602718468,0.137666069,-0.492233332
ITGA2,0.213284241,0.213284241,0.127710913,0.187708955,-0.140910894,0.000430317,0.117342058,0.106728764,-0.066172953,0.226682777
JAG1,0.078452438,0.078452438,-0.089494846,-0.069769458,-0.150009057,0.032444272,-0.005960725,-0.0065707,0.089379451,-0.027037424
JAK2,0.219598633,0.219598633,-0.057201868,0.285221895,-0.183113863,-0.231753825,0.290636341,-0.178366834,0.068424101,-0.010858191
KCNQ1OT1,0.002867549,0.002867549,0.289180034,-0.148297798,0.387435151,0.219772843,0.133028527,-0.135446706,0.195678059,0.173217718
KIF21B,0.098432731,0.098432731,0.162635613,-0.174826117,0.017507347,-0.080256554,0.324861556,-0.048159503,-0.064113649,-0.069216697
KIF2A,0.109554554,0.109554554,-0.170338862,0.096696593,0.009294993,-0.129244228,0.106980575,-0.037873776,-0.032359503,-0.022633768
KLF4,-0.143718848,-0.143718848,-0.292397272,0.196056139,0.087308268,0.076478144,0.014735358,0.361004009,0.171719183,0.438441879
KRAS,0.241907592,0.241907592,-0.493672411,0.058965424,0.04112679,-0.127039427,-0.035884729,-0.012007804,-0.096518489,-0.412261071
KYNU,0.019214027,0.019214027,0.412252909,-0.084600729,-0.093527165,-0.162023153,-0.322850825,-0.144695042,0.165961295,0.186208873
LBX2-AS1,0.063997848,0.063997848,-0.027122348,0.252902625,-0.022216204,0.202347578,-0.057276454,0.161402104,-0.013303921,-0.107926598
LDHA,0.174454113,0.174454113,0.183223725,-0.008613842,-0.123325674,0.040715919,0.039874245,0.049807648,-0.016676153,0.040557457
LIFR-AS1,-0.305334475,-0.305334475,0.12271348,-0.057345534,0.177330412,-0.009682089,-0.27247301,-0.271012593,0.08627416,0.209396129
LINC-ROR,0.030827336,0.030827336,0.851422155,-0.465721298,0.47208329,0.432381471,-0.561330675,0.324671673,0.159493489,0.705069568
LINC00184,-0.173219055,-0.173219055,-0.06984095,-0.337513779,0.400794729,0.917949201,0.076279699,0.019641295,-0.483626622,-0.285458174
LINC00200,-0.751791498,-0.751791498,2.603468714,0.311885742,0.135417079,1.335440973,-0.742288563,1.457829893,0.11767182,2.11322774
LINC00242,0.107730578,0.107730578,0.202413932,-0.194304733,0.096960093,0.149117611,-0.01340763,0.293986036,0.137975517,0.338276467
LINC00265,0.006147651,0.006147651,0.112476907,0.11367976,0.099196662,-0.03394307,0.165695852,-0.123666783,0.011623872,0.033469244
LINC00324,0.132046959,0.132046959,-0.351168626,0.070639072,0.039639279,0.13286089,0.079197668,0.160441857,-0.04117799,-0.045797824
LINC00511,-0.09991581,-0.09991581,-0.008144176,0.126245075,-0.147363809,0.195787243,0.372816955,0.344222681,-0.165331502,0.351335273
LINC00514,0.139631179,0.139631179,0.581971625,-0.253177307,0.126195212,0.015822583,0.498888215,-0.221178698,0.19817098,-0.756947641
LINC00665,-0.241996895,-0.241996895,0.195282679,-0.089356172,0.140368283,-0.090193043,0.128491536,-0.043255873,0.110587666,0.130047665
LINC00858,0.267285725,0.267285725,0.12659964,0.172557058,0.121561245,-0.292911795,0.113870917,-0.332627048,0.086907067,-0.113160852
LINC00963,-0.140358698,-0.140358698,0.107813144,0.103343218,-0.036259031,0.082424713,0.185328443,-0.029577488,0.021226764,0.146283837
LINC01089,-0.019621435,-0.019621435,-0.027858105,0.143849565,0.046121591,-0.082337605,0.143531967,-0.057910675,0.137725834,0.14397157
LINC01133,0.133101365,0.133101365,0.012695592,-0.245781259,-0.287305843,-0.041708085,0.257917016,-0.17060994,0.134459528,0.41393047
LINC01224,0.3748447,0.3748447,-0.126516866,-0.231217406,0.067034549,0.174296839,0.091392819,0.158442115,-0.128019055,0.025170803
LINC01234,-0.590147513,-0.590147513,0.82609843,0.077046488,-0.115044431,0.105496814,0.139086252,0.295623102,0.125395273,-0.472976857
LINC01320,-0.556768183,-0.556768183,0.687304605,-0.181491695,0.709656999,-0.021819255,-0.110148758,0.02205673,0.328671369,-0.048065537
LINC01503,-0.355432037,-0.355432037,-0.085023351,-0.036009839,-0.555971033,0.043179144,0.263942145,0.012708372,0.021164263,0.06703575
LINC01572,0.146238864,0.146238864,0.211501989,-0.003617469,0.237517686,0.036392225,0.029409997,-0.149297104,0.124613111,0.097069047
LINC01667,0.682083947,0.682083947,3.917715842,0.66011109,0.430576117,0.323122885,-0.996525171,1.135224655,-2.116254522,3.665241498
LTBR,0.105353485,0.105353485,0.037419063,0.087804539,-0.009573613,0.167157869,0.134724711,0.08972934,0.02649556,-0.014058341
MACC1,0.206182941,0.206182941,-0.053745588,-0.041897107,-0.104454476,-0.04871607,0.17221609,0.000241019,0.019885327,-0.207721929
MALAT1,-0.005770121,-0.005770121,0.15267073,-0.128188275,0.203276505,-0.163891221,0.277317534,-0.427953967,0.008811903,-0.186410045
MAP3K2,0.075663507,0.075663507,-0.009156671,0.062265941,0.009412695,-0.074742467,0.036514826,0.068945624,0.035566702,-0.083831611
MAP3K20,-0.326578257,-0.326578257,0.418878695,-0.067752235,0.268960968,-0.041944842,-0.149786287,-0.228280862,-0.00856843,-0.17685721
MCF2L-AS1,0.357746729,0.357746729,-0.133478238,0.160495457,-0.021666763,0.150944106,0.221610605,0.226090524,-0.297243842,0.243700069
MCL1,0.02837197,0.02837197,-0.074638417,0.101501577,-0.002946406,0.007587959,0.045273898,0.095833576,0.034019897,-0.016996412
MCM3AP-AS1,0.102388254,0.102388254,-0.031213103,-0.090282281,0.023727674,0.040651144,0.029381353,0.110412737,0.131008575,0.121261797
MDM2,-0.021115111,-0.021115111,0.166826038,0.105215354,-0.273250272,-0.20944389,0.311856044,-0.24875109,0.013605489,0.175782063
MEF2D,-0.153775778,-0.153775778,0.056641383,0.019343339,0.070287567,0.012320461,-0.002140383,0.083241435,0.038607686,0.075828584
MEG3,-0.11679806,-0.11679806,0.349109847,-0.141214455,-0.084723971,-0.361483521,-0.240923102,-0.426049617,-0.118014392,0.070877844
MET,0.161832792,0.161832792,0.821949451,-0.059716321,-0.796950648,-0.824344124,-0.38335532,-0.473418067,0.589016198,0.260672005
METTL3,0.10872428,0.10872428,-0.180852235,-0.016030874,0.026991651,-0.015387585,0.099439741,0.071358286,-0.080075437,-0.02068544
MIAT,0.294200779,0.294200779,0.056199588,0.003541419,0.110389863,-0.442762983,0.151516069,-0.571224867,0.060831395,-0.439728557
MIR503HG,0.175230626,0.175230626,0.086718411,-0.05109261,-0.052219128,-0.108129228,-0.101474175,-0.293032845,-0.157296192,-0.244150285
MIR99AHG,-0.68918771,-0.68918771,0.226973011,-0.027019858,0.296002501,-0.064628951,-0.245424681,-0.349799419,0.171393832,0.283978062
MMP11,0.083740321,0.083740321,0.880699776,0.26378208,-0.062838839,0.343111077,0.03561135,-0.265428127,-0.490758569,-0.551234962
MMP2,-0.098375549,-0.098375549,0.210999032,-0.10439634,-0.129405111,-0.03236375,-0.246115466,-0.217756783,-0.156019353,-0.053321553
MMP9,0.362315266,0.362315266,0.037065324,-0.050036262,0.087062254,0.361198364,0.120868956,0.265380484,0.197650672,-0.388189089
MSC-AS1,-0.1811884,-0.1811884,0.008937428,0.056132376,-0.036371762,-0.152466611,-0.156682507,-0.360126436,0.109403711,0.010457294
MSI2,0.020444093,0.020444093,0.216381158,0.130972979,0.083841508,0.10179823,0.273716342,0.145258983,-0.10243083,-0.039559563
MSTO2P,0.003324395,0.003324395,0.03442918,-0.060040899,0.042342002,-0.058706608,0.02105931,-0.034863448,0.009696679,0.036955453
MT1JP,-0.716856279,-0.716856279,-0.49388522,-0.311062469,0.692174004,0.34396861,-0.393606274,-0.467651269,0.437210483,1.481173185
MT2A,-0.140001962,-0.140001962,-0.389327623,0.202021783,-0.028103807,0.193413597,0.001487503,0.277395753,0.062018586,-0.130464355
MTMR3,-0.085324141,-0.085324141,0.046256986,0.026267559,0.057855082,-0.006349448,0.058214969,0.048037791,0.017956918,0.119280996
MTOR,0.052075402,0.052075402,-0.071368449,0.049769711,-0.010080783,-0.004802639,0.079777899,0.146337229,-0.034670785,0.086281303
MTUS1,0.048278245,0.048278245,-0.220997611,0.198157498,-0.024352301,0.042969226,-0.120484896,0.365218085,-0.005877773,-0.137900452
MUC2,0.745234377,0.745234377,-0.778218736,0.305020893,-0.623197482,0.000485733,-0.372290329,-0.43003614,-0.340514292,-0.181085739
MYO6,0.158824821,0.158824821,-0.06207472,0.10976821,-0.062835444,-0.088632451,0.165134803,0.02553384,0.070719718,-0.028162051
NCF2,0.182434113,0.182434113,0.032613475,-0.012543681,-0.098163778,0.033478614,-0.045405396,0.078972104,0.037681296,-0.294762286
NEAT1,0.143150593,0.143150593,-0.222878893,0.134283899,0.073088172,-0.081117975,0.189865629,-0.032013195,0.047965593,0.006390023
NFKB1,0.008667207,0.008667207,-0.112521802,0.135147386,0.012547328,0.025695892,0.096267371,0.129830848,-0.010868638,-0.0995521
NKX2-1-AS1,0.519229083,0.519229083,-0.120557864,0.565151197,-0.775633656,-0.448323963,1.092145151,0.155529824,-0.459794426,3.79918134
NR2F1-AS1,-0.316140397,-0.316140397,0.14290914,-0.098704236,0.268208219,-0.150963896,-0.386058621,-0.3260263,0.059273175,0.043690412
NRP2,-0.334433679,-0.334433679,0.306201182,-0.155296562,0.264358945,-0.143038224,-0.352743538,-0.352422819,0.015084411,-0.0300311
NTRK3,-0.445002024,-0.445002024,-0.078530079,-0.27099422,0.507239345,-0.230863822,-0.604447676,-0.55170515,0.200731597,-0.251321961
NUTM2A-AS1,-0.090852613,-0.090852613,0.045518695,0.04060904,0.061216456,-0.087260233,0.080489921,-0.139868609,0.116788952,-0.18465466
OIP5-AS1,-0.020938973,-0.020938973,0.029163799,-0.018600629,0.136430937,-0.07040851,0.025045801,-0.109638129,0.023359372,-0.099813394
PCNA,0.180566251,0.180566251,-0.148007579,-0.136343315,-0.150398859,0.10677235,0.243204352,0.006175472,-0.218213828,-0.030675472
PDK1,0.24183688,0.24183688,-0.006726629,-0.014083454,-0.041893375,-0.040425761,0.139900143,0.072826392,0.065943285,-0.026143702
PHF19,0.068800679,0.068800679,-0.06116783,-0.079410481,0.050954042,0.000370423,0.024981823,-0.025942985,-0.05794197,-0.053927913
PIK3R1,-0.012428901,-0.012428901,0.050209034,0.094037102,0.003305953,-0.14335547,-0.017412976,0.028647315,0.079010871,-0.068580592
PIK3R2,0.068036399,0.068036399,0.133986689,-0.128699656,0.223272781,0.137286422,0.142867155,-0.025819009,0.241785402,0.1317118
PINK1-AS,0.090004481,0.090004481,0.172503469,-0.010472859,0.081289496,0.121488604,0.176008183,-0.027917329,0.041697529,0.019188327
PODXL,0.207082767,0.207082767,-0.023320436,-0.023580475,-0.064940927,-0.102575494,-0.025756577,-0.062988246,-0.051103345,-0.015967934
PPP1R26-AS1,0.022814146,0.022814146,0.114402085,0.175975027,0.045094744,-0.106241236,0.166504819,-0.180266823,0.190609667,-0.15066564
PRAF2,-0.20074009,-0.20074009,0.149942885,-0.075618628,0.032320945,0.04830757,-0.122226492,-0.08273552,-0.219835719,-0.249153785
PTEN,-0.077416748,-0.077416748,-0.018152773,0.034286354,0.10209077,-0.040235293,0.092620219,-0.101436713,0.031296459,-0.01650081
PTENP1,-0.012429856,-0.012429856,0.193200524,0.100318627,-0.049667763,-0.005285184,-0.019681701,0.057185665,-0.048734914,-0.011622362
PTENP1-AS,-0.120032237,-0.120032237,1.151306907,-0.722868232,-0.3137407,-0.445629244,-0.04324267,-0.082006666,-0.343093499,-0.387170616
PTPRD,-0.101816068,-0.101816068,0.459141229,-0.086645718,0.109027047,-0.407332035,-0.494632888,-0.662497579,0.322341474,-0.127446937
PVT1,-0.2765322,-0.2765322,0.645325405,-0.654955656,0.406058087,-0.755026896,0.853876762,-0.560981137,-0.644512176,-1.735187395
PWRN1,-0.651168196,-0.651168196,1.033674876,-0.527948644,0.681812708,0.538138607,-0.449464126,0.139098242,0.469210127,0.531879289
RAB10,0.023919419,0.023919419,-0.087144168,0.122306564,-0.109420973,0.102661368,0.101957572,0.211059243,-0.020217933,0.000305544
RAB19,0.160406705,0.160406705,-0.022525831,0.306280127,0.01751134,0.150509319,0.382661391,0.101392372,-0.068703542,0.059418712
RAI14,-0.117100436,-0.117100436,0.209537401,-0.059881653,0.020202394,-0.038769895,-0.118225941,-0.241857235,-0.031616678,-0.094447547
RB1,0.155057314,0.155057314,0.017377571,0.150180655,-0.096558935,-0.023253812,0.1075461,0.12129203,0.027347059,-0.085772352
RGMB-AS1,-0.11179833,-0.11179833,-0.214261109,-0.046574063,0.121459245,0.066767273,-0.209904201,-0.053633932,0.168246535,0.191533909
ROCK2,0.091135558,0.091135558,-0.102737848,0.101690596,0.003704035,0.012762212,0.090489261,-0.008875554,0.078790608,-0.064446672
RSF1,0.11188807,0.11188807,0.084326181,0.080373545,0.073965014,-0.078078769,-0.0042817,-0.156558534,-0.034137201,-0.156931532
RUNX1,-0.063638754,-0.063638754,0.056595405,0.049511612,0.022799212,-0.032518354,-0.070024083,-0.061197511,-0.081758199,-0.010110545
RUNX3,0.013518915,0.013518915,-0.027053862,0.068139006,0.336645286,-0.032240236,0.094787851,0.173686661,0.09205588,-0.070897438
SDAD1,0.090740676,0.090740676,-0.000934224,0.068599104,-0.032078154,-0.035313065,0.046919412,0.029480103,-0.021638958,-0.045914565
SERPINE1,-0.127516509,-0.127516509,0.082300117,-0.161389192,-0.001964585,-0.138303641,-0.629169365,-0.312134927,-0.087450353,-0.132634187
SH3BP5-AS1,0.043214566,0.043214566,0.083598496,-0.143953069,0.087745245,-0.163176865,0.11135313,-0.048306425,0.102571946,-0.14319336
SLC12A7,0.130199468,0.130199468,-0.128938238,0.236853174,-0.101904418,0.035610959,0.196975637,0.170694554,0.000618145,0.18073916
SMAD4,-0.031980201,-0.031980201,-0.004486676,0.044706114,0.044138626,-0.056645587,-0.008178974,0.033970421,0.034618773,-0.042654878
SMAD5,-0.005522041,-0.005522041,-0.113056135,0.044843901,-0.030821422,-0.096551495,-0.10701205,0.00517838,0.013377481,-0.110510329
SMARCC2,0.004726307,0.004726307,-0.099931995,0.077428938,0.013949388,-0.047380559,0.109708966,-0.009049489,-0.019161424,-0.088172327
SNHG11,0.099175649,0.099175649,0.123113111,0.009260437,-0.083172179,0.013552913,0.013094191,0.03006646,0.063239332,0.100561232
SNHG12,0.102494214,0.102494214,0.07180991,-0.015229279,0.019108615,-0.054638498,0.105174396,-0.008668225,0.026634328,0.03658185
SNHG14,-0.719010708,-0.719010708,0.832539901,-0.194467683,0.316434156,-0.157887839,-0.184556137,-0.112187885,0.273501607,0.170123549
SNHG3,0.137278635,0.137278635,0.026750623,-0.116356375,-0.046368136,-0.034523749,0.043457799,0.024033847,0.00351303,-0.029428829
SNHG4,0.152710965,0.152710965,-0.112809044,0.023063962,-0.096174472,-0.036366091,0.204795074,0.030818603,0.099499444,0.072928591
SNHG5,0.035914672,0.035914672,-0.133670542,0.04365899,0.119976579,0.041443457,-0.068299869,0.007140095,0.11113986,-0.10334897
SNHG6,0.024793078,0.024793078,0.179218215,-0.031320156,-0.047867844,-0.093822993,-0.0156353,-0.141721716,-0.011024434,-0.116581945
SNHG7,0.047047268,0.047047268,0.133727861,0.092784577,-0.12760082,0.048996353,0.041045547,0.147746173,0.194405907,0.074532599
SOX2,0.071978642,0.071978642,0.648517599,0.669926772,0.607106544,0.596981441,-0.005048975,0.826410585,-0.888392535,0.854427184
SOX4,-0.016973779,-0.016973779,0.337314737,-0.009193436,0.078697216,-0.021161884,0.025780437,-0.183264681,-0.043952213,-0.042234381
SP1,0.018270581,0.018270581,-0.014351218,0.04730865,-0.015754168,-0.020957773,0.105219787,-0.011704446,0.020356546,0.015540484
SPAG9,0.047848711,0.047848711,0.052262507,0.060436858,-0.054924323,-0.101166495,-0.026330289,-5.81E-05,0.017901575,0.023275149
SPARC,-0.071540696,-0.071540696,0.00517135,-0.031233058,-0.150164524,0.070929856,-0.276076817,-0.20912284,-0.023105844,-0.139892763
SRF,-0.119502456,-0.119502456,0.044673463,-0.018762422,0.209116824,0.136137207,-0.055581264,0.112013809,0.060419614,0.009933167
SSR2,-0.02337623,-0.02337623,-0.077577767,0.086600108,-0.082574436,0.134695755,0.069683698,0.21995502,0.029518275,0.093578376
STAT3,-0.015353739,-0.015353739,0.061209101,0.050155235,-0.109785274,0.056779635,0.038070923,0.042706318,0.035141161,-0.063832832
TET1,-0.301614203,-0.301614203,0.239172925,0.010703598,0.203134267,-0.167950629,-0.222079186,-0.112268599,0.369527539,0.279400677
TGFB1,-0.126243971,-0.126243971,-0.032758113,-0.117892887,0.179310829,0.024421929,-0.116110681,-0.121614783,0.011356762,-0.148290527
TINCR,-0.488789847,-0.488789847,1.46535456,-0.521177808,-0.38287509,0.928385277,0.214386781,0.596215078,-0.22253211,-0.225014921
TMEM87A,0.107064157,0.107064157,-0.031559556,0.010560642,0.019488778,0.008420683,0.020228059,-0.004913611,-0.083527689,0.069801639
TMPO-AS1,-0.012123267,-0.012123267,0.019480381,-0.077085557,0.086050869,0.101497302,0.059560553,0.05651977,0.007179413,0.075130455
TMPRSS4,0.128797663,0.128797663,-0.22424971,0.165797348,-0.016097527,0.082895183,0.222354964,0.03895186,-0.191315671,0.254175941
TP73-AS1,-0.325462464,-0.325462464,0.314378832,-0.078565762,0.223380256,-0.167322837,-0.209121496,0.016341036,0.1706871,0.053628232
TRG-AS1,-0.023139693,-0.023139693,-0.209303086,0.022931825,0.224549016,-0.236337321,-0.048142946,-0.505959081,0.215221508,-0.116471223
TSPEAR-AS2,0.471120544,0.471120544,0.104995321,0.01287021,0.284608545,0.181909155,-0.078388409,0.183667514,0.090790769,0.102381545
TTC28-AS1,0.044909819,0.044909819,0.136749717,-0.06437707,0.095187657,0.024331915,0.067665632,0.01143929,-0.004435111,0.027061949
TTF2,0.137068478,0.137068478,-0.125811135,-0.138815141,0.03330118,0.014312108,0.178561542,0.021598838,-0.049905556,0.037791068
TUBB2A,-0.16356014,-0.16356014,-0.228528311,0.020955921,0.014911453,0.22781944,-0.029496796,0.352043573,0.040037116,0.206098714
TUG1,0.07265093,0.07265093,0.020396969,0.027461854,-0.011016581,-0.05461258,0.011174749,0.05199187,0.031665757,0.037997694
TUSC3,-0.128621695,-0.128621695,0.724963312,0.448648204,-0.371274407,0.317213977,-0.446724079,0.781798043,-0.20642183,-0.807448463
UBE2CP3,-0.431498713,-0.431498713,0.540834227,0.142946756,0.198981328,-0.147715661,-0.073233123,-0.485108697,-0.11289329,0.097643817
UCA1,-0.050364276,-0.050364276,0.41482971,0.243677216,-0.096703023,-0.114313925,0.052092499,-0.129452615,0.132117485,-0.357063273
ULK1,-0.203322479,-0.203322479,0.00864264,0.007755242,0.060693842,0.000175025,-0.006096745,-0.016007368,-0.026384924,0.128461406
UPF1,0.029780094,0.029780094,-0.011589807,-0.032573342,0.017222845,-0.036978877,0.105047938,0.041361855,-0.082145867,-0.034286637
VEGFA,0.416622154,0.416622154,-0.257863108,-0.084532456,0.240216047,0.150172141,-0.030124383,0.193998215,-0.091171695,0.244123864
VIM,-0.101659935,-0.101659935,0.087308255,-0.11857335,-0.034126482,-0.10113371,-0.260146529,-0.353830352,0.068275836,0.044387713
WIPF1,-0.173663129,-0.173663129,0.07622231,-0.110294855,0.193673261,-0.265566988,-0.112255523,-0.337825669,0.07168156,-0.339296348
WNT2,-0.006092416,-0.006092416,0.159786885,0.047524614,-0.128705505,0.143836239,-0.010841564,-0.235543574,-0.079636876,-0.534125693
WT1,-0.460709225,-0.460709225,0.689147368,-0.232263944,-0.393803773,-0.51515329,-0.85899653,-0.661385344,0.660240234,0.240521919
XBP1,-0.092835575,-0.092835575,-0.138833931,0.23902214,-0.195410659,0.086238303,0.227491198,0.539794552,0.185932309,0.05803274
XIST,0.064549984,0.064549984,0.530772624,0.053465949,0.532002876,0.039671515,0.679793781,0.175722559,0.181381975,-0.261233928
ZC3H12A,0.157534635,0.157534635,-0.098550186,-0.052026479,-0.034998397,0.203979049,0.238167359,0.354070724,-0.067968894,0.39249671
ZEB1,-0.405040656,-0.405040656,0.325391435,-0.065463495,0.144773765,-0.198345972,-0.320761443,-0.501595036,0.118078713,-0.080913171
ZNF217,0.026397401,0.026397401,-0.114290482,0.176768439,-0.027232655,0.018611072,-0.035401481,0.075545662,0.033914327,0.003849532
CircPVT1,0,0,0,0,0,0,0,0,0,0
AF147447,0,0,0,0,0,0,0,0,0,0
SOX2OT,0,0,0,0,0,0,0,0,0,0
RMRP,0,0,0,0,0,0,0,0,0,0
BC032469,0,0,0,0,0,0,0,0,0,0
ciRS-7,0,0,0,0,0,0,0,0,0,0
ATB,0,0,0,0,0,0,0,0,0,0
CAT104,0,0,0,0,0,0,0,0,0,0
LINC00152,0,0,0,0,0,0,0,0,0,0
LINC00483,0,0,0,0,0,0,0,0,0,0
lincRNA-ROR,0,0,0,0,0,0,0,0,0,0
AK027145,0,0,0,0,0,0,0,0,0,0
HIX0023999,0,0,0,0,0,0,0,0,0,0
LINC01296,0,0,0,0,0,0,0,0,0,0
LOC101927497,0,0,0,0,0,0,0,0,0,0
M18204.1,0,0,0,0,0,0,0,0,0,0
XLOC_000983,0,0,0,0,0,0,0,0,0,0
XLOC_005104,0,0,0,0,0,0,0,0,0,0
XLOC_006324,0,0,0,0,0,0,0,0,0,0
AC130710,0,0,0,0,0,0,0,0,0,0
ANRIL,0,0,0,0,0,0,0,0,0,0
BC040587,0,0,0,0,0,0,0,0,0,0
DQ192290,0,0,0,0,0,0,0,0,0,0
TUSC7,0,0,0,0,0,0,0,0,0,0
LOC150622,0,0,0,0,0,0,0,0,0,0
LOC553103,0,0,0,0,0,0,0,0,0,0
M59227,0,0,0,0,0,0,0,0,0,0
D63785,0,0,0,0,0,0,0,0,0,0
RP11-1094M14.8,0,0,0,0,0,0,0,0,0,0
CircHIPK3,0,0,0,0,0,0,0,0,0,0
LINC_00355,0,0,0,0,0,0,0,0,0,0
CircNFATC3,0,0,0,0,0,0,0,0,0,0
CircVAPA,0,0,0,0,0,0,0,0,0,0
BLACAT2,0,0,0,0,0,0,0,0,0,0
BX357664,0,0,0,0,0,0,0,0,0,0
LINC00936,0,0,0,0,0,0,0,0,0,0
NCK1-AS1,0,0,0,0,0,0,0,0,0,0
LINC00473,0,0,0,0,0,0,0,0,0,0
hsa_circ_0000117,0,0,0,0,0,0,0,0,0,0
CircBFAR,0,0,0,0,0,0,0,0,0,0
Circ_0049447,0,0,0,0,0,0,0,0,0,0
Circ_C16orf62,0,0,0,0,0,0,0,0,0,0
CircMCTP2,0,0,0,0,0,0,0,0,0,0
CTBP1-AS2,0,0,0,0,0,0,0,0,0,0
GASL1,0,0,0,0,0,0,0,0,0,0
GCMA,0,0,0,0,0,0,0,0,0,0
hsa_circ_0004872,0,0,0,0,0,0,0,0,0,0
JHDM1D-AS1,0,0,0,0,0,0,0,0,0,0
LOC400043,0,0,0,0,0,0,0,0,0,0
Circ_0009172,0,0,0,0,0,0,0,0,0,0
HIF1A-AS2,0,0,0,0,0,0,0,0,0,0
LINC01207,0,0,0,0,0,0,0,0,0,0
Circ-LDLRAD3,0,0,0,0,0,0,0,0,0,0
CircLMO7,0,0,0,0,0,0,0,0,0,0
CircRNA_0005529,0,0,0,0,0,0,0,0,0,0
circ-SFMBT2,0,0,0,0,0,0,0,0,0,0
circEVI5,0,0,0,0,0,0,0,0,0,0
CDR1as,0,0,0,0,0,0,0,0,0,0
CCAT1,0,0,0,0,0,0,0,0,0,0
LOC100505817,0,0,0,0,0,0,0,0,0,0
CES4,0,0,0,0,0,0,0,0,0,0
ASNR,0,0,0,0,0,0,0,0,0,0
RP11-874J12.4,0,0,0,0,0,0,0,0,0,0
HYPAL,0,0,0,0,0,0,0,0,0,0
hsa-mir-101,0,0,0,0,0,0,0,0,0,0
hsa-mir-125b,0,0,0,0,0,0,0,0,0,0
hsa-mir-181a,0,0,0,0,0,0,0,0,0,0
hsa-mir-7,0,0,0,0,0,0,0,0,0,0
hsa-mir-92a,0,0,0,0,0,0,0,0,0,0
hsa-mir-199a,0,0,0,0,0,0,0,0,0,0
hsa-mir-320,0,0,0,0,0,0,0,0,0,0
hsa-mir-129,0,0,0,0,0,0,0,0,0,0
hsa-mir-9,0,0,0,0,0,0,0,0,0,0
hsa-mir-bart6,0,0,0,0,0,0,0,0,0,0
hsa-mir-181,0,0,0,0,0,0,0,0,0,0
hsa-mir-194,0,0,0,0,0,0,0,0,0,0
hsa-mir-153,0,0,0,0,0,0,0,0,0,0
hsa-mir-105,0,0,0,0,0,0,0,0,0,0
hsa-let-7c,0,0,0,0,0,0,0,0,0,0
hsa-let-7b,0,0,0,0,0,0,0,0,0,0
hsa-let-7a,0,0,0,0,0,0,0,0,0,0
hsa-let-7f,0,0,0,0,0,0,0,0,0,0
hsa-let-7d,0,0,0,0,0,0,0,0,0,0
hsa-let-7i,0,0,0,0,0,0,0,0,0,0
hsa-let-7e,0,0,0,0,0,0,0,0,0,0
hsa-let-7g,0,0,0,0,0,0,0,0,0,0
hsa-mir-124,0,0,0,0,0,0,0,0,0,0
hsa-mir-1,0,0,0,0,0,0,0,0,0,0
hsa-mir-103a,0,0,0,0,0,0,0,0,0,0
hsa-mir-183a,0,0,0,0,0,0,0,0,0,0
hsa-mir-16,0,0,0,0,0,0,0,0,0,0
hsa-mir-128,0,0,0,0,0,0,0,0,0,0
hsa-mir-103,0,0,0,0,0,0,0,0,0,0
hsa-mir-513a,0,0,0,0,0,0,0,0,0,0
hsa-mir-133a,0,0,0,0,0,0,0,0,0,0
hsa-mir-138,0,0,0,0,0,0,0,0,0,0
hsa-mir-376a,0,0,0,0,0,0,0,0,0,0
hsa-let-7b,0,0,0,0,0,0,0,0,0,0
hsa-mir-495,0,0,0,0,0,0,0,0,0,0
HER,0,0,0,0,0,0,0,0,0,0
NAN,0,0,0,0,0,0,0,0,0,0
HTERT,0,0,0,0,0,0,0,0,0,0
PI3K,0,0,0,0,0,0,0,0,0,0
HER2,0,0,0,0,0,0,0,0,0,0
VEGF,0,0,0,0,0,0,0,0,0,0
PKM2,0,0,0,0,0,0,0,0,0,0
AKT,0,0,0,0,0,0,0,0,0,0
P53,0,0,0,0,0,0,0,0,0,0
ARGO2,0,0,0,0,0,0,0,0,0,0
TGFB,0,0,0,0,0,0,0,0,0,0
MSTOP2,0,0,0,0,0,0,0,0,0,0
PRC2,0,0,0,0,0,0,0,0,0,0
CYCLIN-D2,0,0,0,0,0,0,0,0,0,0
C-MET,0,0,0,0,0,0,0,0,0,0
SNAIL,0,0,0,0,0,0,0,0,0,0
SNAL1,0,0,0,0,0,0,0,0,0,0
LD,0,0,0,0,0,0,0,0,0,0
GRP78,0,0,0,0,0,0,0,0,0,0
HAV,0,0,0,0,0,0,0,0,0,0
CYCLIN-E1,0,0,0,0,0,0,0,0,0,0
H3K4ME3,0,0,0,0,0,0,0,0,0,0
P21,0,0,0,0,0,0,0,0,0,0
PDL1,0,0,0,0,0,0,0,0,0,0
COX2,0,0,0,0,0,0,0,0,0,0
TWIST,0,0,0,0,0,0,0,0,0,0
